,year,tmax,max_tmax,std_tmax,min_tmax,std_tmin,min_tmin,tmin,max_tmin,continent,period
0,1900,11.55,34.2,8.617652294,-10.4,6.583136148,-14.5,4.2,21,Europa,1900-2015
1,1901,11.9,33.1,9.452089702,-13.5,7.903590253,-23.8,4.3,20.2,Europa,1900-2015
2,1902,10.55,33.7,8.119003503,-10.6,6.743543352,-17.1,3.1,18.5,Europa,1900-2015
3,1903,12.2,32.4,8.173450783,-11,6.421219083,-17.6,4.45,18.2,Europa,1900-2015
4,1904,12,35.9,8.692686662,-7.2,6.287935384,-14,4.1,19.4,Europa,1900-2015
5,1905,10.8,34.8,8.922668998,-16.4,7.0777754,-23,3.2,22.8,Europa,1900-2015
6,1906,13.2,32.9,8.826442448,-10.3,7.168195699,-19.2,4.8,21,Europa,1900-2015
7,1907,12.4,32.6,8.638691902,-14.2,6.809787402,-26.3,4.3,18.5,Europa,1900-2015
8,1908,11.1,34.7,8.998456569,-13.3,7.210879671,-19,3.5,18.9,Europa,1900-2015
9,1909,12.35,32,8.461892519,-10.8,7.02787129,-17.4,4.1,17,Europa,1900-2015
10,1910,12,32,7.798460229,-5.9,6.073845551,-13,4.15,20.5,Europa,1900-2015
11,1911,12.65,36.9,9.204324913,-10.9,6.705090081,-19.2,4.85,21.5,Europa,1900-2015
12,1912,11.2,32.2,7.878829664,-12.2,6.402354232,-19.6,4.2,19,Europa,1900-2015
13,1913,12.45,30.6,7.524115774,-6.7,5.892776033,-13.8,5.5,18.5,Europa,1900-2015
14,1914,11.7,31.7,8.233844631,-12.4,6.485268564,-14.9,5.2,23,Europa,1900-2015
15,1915,11,35,8.574545541,-9.1,6.518585389,-18,4.2,19.5,Europa,1900-2015
16,1916,12.5,29.5,7.410554716,-6.1,5.656499806,-9.3,4.6,17.2,Europa,1900-2015
17,1917,10.5,34.9,10.23899298,-13.4,8.127894079,-23.5,3.5,19.7,Europa,1900-2015
18,1918,12.5,33.1,7.632419987,-9.2,5.978515456,-15.3,5.3,20.1,Europa,1900-2015
19,1919,10.5,34.1,8.780258254,-11.5,6.667230414,-17.3,3.2,19,Europa,1900-2015
20,1920,13.1,33.2,7.847661333,-9.3,6.175987565,-12.7,5.2,21.2,Europa,1900-2015
21,1921,13.9,37.3,8.835238594,-8,6.684036658,-17.6,4.9,20.4,Europa,1900-2015
22,1922,10.1,36.8,8.757635632,-13.9,7.161173068,-22.9,3.3,20.2,Europa,1900-2015
23,1923,12.5,35.3,8.463950032,-13.8,6.541492565,-27.3,4.5,22.5,Europa,1900-2015
24,1924,11.8,32.4,8.781586984,-8.1,7.282474983,-19.1,4.85,17.5,Europa,1900-2015
25,1925,12.3,34.6,8.520818949,-12.1,6.670882344,-21.7,4.6,19.5,Europa,1900-2015
26,1926,12.85,32,8.011650823,-14.5,6.264494996,-19.5,5.2,20.4,Europa,1900-2015
27,1927,12,32.3,8.378470812,-14.7,6.605814147,-20,4.6,18.6,Europa,1900-2015
28,1928,12,35.1,8.252647326,-7.9,6.156848118,-13,4.2,19.8,Europa,1900-2015
29,1929,11.8,34.7,10.23132415,-22.6,8.759838619,-29.1,4.55,21.1,Europa,1900-2015
30,1930,12.4,33.7,8.150987679,-7.6,6.178886804,-14.9,5.1,18.8,Europa,1900-2015
31,1931,11.4,32.4,8.947000441,-11.1,7.20755498,-17.8,3.65,19.1,Europa,1900-2015
32,1932,11.5,37.2,8.978445726,-14.5,7.376443604,-19.1,4.3,20.7,Europa,1900-2015
33,1933,12.45,33.7,9.41032886,-13.9,7.554042179,-19.5,4.1,20,Europa,1900-2015
34,1934,13.75,33.2,8.641381629,-11.2,6.111896884,-16.5,5.3,18.6,Europa,1900-2015
35,1935,12.25,34.5,9.023893431,-11.4,6.78745312,-15.5,4.2,20.9,Europa,1900-2015
36,1936,11.2,34.7,7.972902598,-7.1,6.093219244,-16.2,4,18,Europa,1900-2015
37,1937,12.35,35,9.046780741,-10.7,6.85710757,-14.4,5.2,19.1,Europa,1900-2015
38,1938,12.7,33.9,8.65834977,-14.5,6.904805347,-19,4.9,19.5,Europa,1900-2015
39,1939,11.35,31.6,8.617962153,-11.7,6.777870517,-22.7,4.4,18.3,Europa,1900-2015
40,1940,12,30.2,10.09946224,-18,8.989347133,-29.1,4.3,16.4,Europa,1900-2015
41,1941,10.7,33.3,9.211878344,-12.7,7.519571448,-21.8,3,21.5,Europa,1900-2015
42,1942,13.1,32.8,10.15280623,-16,8.463395986,-25.5,4.7,19.5,Europa,1900-2015
43,1943,14.4,37.4,8.612339213,-9.2,6.447123366,-16.6,4.5,22.1,Europa,1900-2015
44,1944,11.7,34.9,9.081697306,-9.3,6.848141483,-14.2,4.3,20.5,Europa,1900-2015
45,1945,13.6,33,8.935683465,-11.3,6.933575422,-16.4,5.1,20,Europa,1900-2015
46,1946,12.9,36,9.136824874,-14.8,7.109706911,-17.3,4.75,20.4,Europa,1900-2015
47,1947,13.8,37.5,11.10316338,-15.3,8.678826821,-22.6,5,21.7,Europa,1900-2015
48,1948,13.5,33.9,8.162614819,-11.5,6.36527039,-17.6,5.2,18.7,Europa,1900-2015
49,1949,14.6,35,8.657274002,-9.4,6.390982457,-13.4,5.4,20.1,Europa,1900-2015
50,1950,13,33.6,9.090790516,-10.3,7.086292768,-18.1,5.1,21.2,Europa,1900-2015
51,1951,12.6,33.4,7.968126022,-5,6.089640022,-17.4,4.5,18.9,Europa,1900-2015
52,1952,11.75,37.3,9.11306646,-7.6,6.722065595,-16.6,3.9,21.8,Europa,1900-2015
53,1953,14,32.5,8.819099414,-9.3,6.715042736,-19.1,5,18.5,Europa,1900-2015
54,1954,12.1,34.1,8.738729412,-14.7,7.332919184,-20,4.1,18.4,Europa,1900-2015
55,1955,11.5,31.6,8.669134308,-8.9,7.296803407,-19.7,3.75,18.5,Europa,1900-2015
56,1956,11.6,30.9,9.348771523,-23.4,8.128571192,-30.1,3.7,17.7,Europa,1900-2015
57,1957,12.7,38,7.972962593,-10.7,6.17642914,-16.7,4.6,23.4,Europa,1900-2015
58,1958,11.7,32.2,8.535678297,-6.8,6.874767795,-15.3,4.3,19.1,Europa,1900-2015
59,1959,14.3,38.4,8.789053316,-7.7,6.485564454,-17.3,4.3,20.1,Europa,1900-2015
60,1960,12.5,33.3,8.209028538,-12.3,6.35728458,-23.3,4.8,19.3,Europa,1900-2015
61,1961,14.1,34,8.264487892,-12,6.630751819,-19.5,5.7,18.9,Europa,1900-2015
62,1962,11.4,34,8.811391233,-15.5,6.942012811,-22.4,3.3,19.7,Europa,1900-2015
63,1963,13,35.9,10.0852467,-15.3,8.817293581,-25,4.8,20,Europa,1900-2015
64,1964,11.5,35.2,9.520077819,-10.6,7.213279128,-22.6,4.3,20.1,Europa,1900-2015
65,1965,11.85,32.8,8.227353893,-8.4,6.447155475,-19.2,3.8,19.9,Europa,1900-2015
66,1966,13,34.3,8.819546139,-12.9,6.793468771,-21.6,5.35,20.2,Europa,1900-2015
67,1967,13,34.3,8.469752008,-12.2,6.583889294,-21.5,5.1,19,Europa,1900-2015
68,1968,13.4,33.1,9.10156217,-13.5,7.110752106,-27.9,4.9,19,Europa,1900-2015
69,1969,12.5,34.4,9.912424374,-16.4,7.813163866,-25,4.7,21.9,Europa,1900-2015
70,1970,11.45,31.9,9.242761166,-12.4,7.235810523,-19,4.4,18.9,Europa,1900-2015
71,1971,12.9,34.4,8.971982823,-13.8,7.201992557,-22.2,4.8,20.1,Europa,1900-2015
72,1972,12,33.2,8.161651611,-10.8,6.38419451,-16,4.05,21,Europa,1900-2015
73,1973,11,32.9,9.022821088,-12.3,6.755822542,-19.9,3.6,19.3,Europa,1900-2015
74,1974,12,35.5,7.295140666,-4.2,5.196025584,-11.7,4.4,20.6,Europa,1900-2015
75,1975,11.15,34.2,8.639023549,-7.6,6.381266789,-13.6,4.3,22.4,Europa,1900-2015
76,1976,12.4,36.3,9.316636995,-10.5,6.910265928,-20.2,4.4,20,Europa,1900-2015
77,1977,13.2,31.9,7.705988639,-6.9,5.915830474,-15.3,4.9,17.9,Europa,1900-2015
78,1978,11.7,32.6,8.150418001,-14.3,6.436786518,-19,4.4,18.8,Europa,1900-2015
79,1979,11.3,33,8.943551256,-13.6,7.119404116,-22.5,3.8,19.1,Europa,1900-2015
80,1980,11.6,32.3,8.438959115,-9.3,6.805851926,-17.2,3.8,21.7,Europa,1900-2015
81,1981,12.9,31.8,8.980336548,-9,7.282627107,-17.4,5.2,20,Europa,1900-2015
82,1982,12.85,34.1,8.995653553,-13.1,7.15653223,-26.4,4.5,19.5,Europa,1900-2015
83,1983,13,36.5,9.121762804,-10.6,7.270621716,-14.8,5.6,20.3,Europa,1900-2015
84,1984,12.4,35.5,7.991800021,-9,6.288130122,-14,4.4,22.5,Europa,1900-2015
85,1985,12.6,32.7,9.692303572,-17.1,8.134074955,-24.4,4.5,19.3,Europa,1900-2015
86,1986,12.45,36.2,9.229306344,-13.6,7.430713602,-19.9,4.7,19.5,Europa,1900-2015
87,1987,11.9,32.8,9.066928363,-18.6,7.853776397,-23.2,4.9,20.1,Europa,1900-2015
88,1988,12.5,32.6,8.058976038,-8.6,6.06551207,-16.8,5.4,19.5,Europa,1900-2015
89,1989,13.5,35.3,8.066550119,-4.2,6.033562819,-12.5,5.5,19.4,Europa,1900-2015
90,1990,13.8,34.1,7.741219969,-6,5.689798928,-11.8,5.7,19.2,Europa,1900-2015
91,1991,12.4,35.4,8.697750154,-11.2,7.01786112,-17,4.2,20.9,Europa,1900-2015
92,1992,12.4,38.6,8.814213268,-8.1,6.538472557,-13.9,4.4,22.6,Europa,1900-2015
93,1993,12.8,32,8.576911232,-12.5,6.712654234,-16,5.2,18.6,Europa,1900-2015
94,1994,13,37.5,8.526913653,-8.4,6.502674927,-14.3,5.65,24.4,Europa,1900-2015
95,1995,12.3,34.7,9.125567536,-10.9,7.000065704,-14.4,5.1,21.1,Europa,1900-2015
96,1996,11.95,33.4,9.33747109,-14.8,7.572742233,-21.6,4.4,18.8,Europa,1900-2015
97,1997,12.6,33.7,8.828096167,-12,7.0462406,-19.3,4.4,20.7,Europa,1900-2015
98,1998,12.9,37.7,8.459186174,-9.9,6.703902283,-19.9,5.8,21,Europa,1900-2015
99,1999,14,35.2,8.788378695,-9.7,6.551268576,-13.9,5.8,21,Europa,1900-2015
100,2000,13.8,36.6,8.081166524,-11.5,5.966219726,-14.5,6.4,20.8,Europa,1900-2015
101,2001,13.2,36,8.838591971,-14.8,6.807962998,-20.1,5.7,19.7,Europa,1900-2015
102,2002,12.9,34.2,8.441636215,-8.7,6.642675628,-23.5,5.5,22.3,Europa,1900-2015
103,2003,13.7,37.5,9.813645997,-11,7.666728114,-16.1,4.8,22.7,Europa,1900-2015
104,2004,13.7,32.2,8.492625227,-7.9,6.495406071,-12.2,5.4,19.1,Europa,1900-2015
105,2005,14.1,34.9,9.104485742,-10.8,7.068039218,-18.8,5.25,21.5,Europa,1900-2015
106,2006,14.4,36.9,9.505643177,-12.3,7.466190184,-18,6.4,20.9,Europa,1900-2015
107,2007,14.2,37.2,8.041448287,-8.9,5.937917173,-13.5,5.5,21.8,Europa,1900-2015
108,2008,12.8,34.6,8.249584719,-7.6,6.10206567,-11,5.2,18.4,Europa,1900-2015
109,2009,14.1,34.2,9.109021484,-11.9,7.032134419,-20.9,5.6,20.8,Europa,1900-2015
110,2010,12.8,38.2,10.04264213,-9.4,7.901790168,-21.6,4.3,21.6,Europa,1900-2015
111,2011,14.8,34.3,8.409747619,-7.3,6.411522837,-13.5,5.7,21,Europa,1900-2015
112,2012,13.55,36.3,9.163054101,-14.5,7.092415973,-20.7,5.1,21.9,Europa,1900-2015
113,2013,12.8,35.7,9.293046385,-8.7,6.901671054,-16.5,5.3,22.3,Europa,1900-2015
114,2014,15,35.5,7.870263587,-9.6,5.872741492,-13.4,6.3,20.1,Europa,1900-2015
115,2015,14.2,37.8,8.341670069,-6.5,6.098343022,-9.1,5.4,22.8,Europa,1900-2015
116,1900,21.55,41.6,6.163486805,7.7,4.798602691,1,12.4,26.6,Oceanía,1900-2015
117,1901,21.9,43.1,6.143204672,4.4,4.832932769,-1.1,12.7,27.1,Oceanía,1900-2015
118,1902,22.3,42.7,5.85835113,8.7,4.796480386,-1.3,12.4,30.5,Oceanía,1900-2015
119,1903,21.2,41.1,6.03395902,9.1,4.861317388,-1.6,12.6,25.3,Oceanía,1900-2015
120,1904,21.7,42.2,5.955768803,10.3,4.794062839,-0.3,12.6,25.1,Oceanía,1900-2015
121,1905,21.75,42.5,5.913126876,8.5,4.905480564,0,11.9,27.8,Oceanía,1900-2015
122,1906,22.2,43.1,5.75434529,8.4,4.717824218,-0.5,12.8,24.5,Oceanía,1900-2015
123,1907,22.2,40.7,5.678635343,9.2,4.757081084,-0.5,12.55,24.6,Oceanía,1900-2015
124,1908,22.2,44.2,6.25993806,7.5,5.094797685,-1.1,12.7,24.5,Oceanía,1900-2015
125,1909,21.7,40,6.089795872,8.1,4.72953348,0.3,12.3,25.9,Oceanía,1900-2015
126,1910,22.15,40.2,5.766511304,8.6,4.53691634,-0.1,13.1,25.2,Oceanía,1900-2015
127,1911,22.2,40.7,5.752835885,7.1,4.778293569,-1.3,12.5,24.7,Oceanía,1900-2015
128,1912,22.2,41.4,5.967226299,10.1,4.740658129,-0.7,12.8,24.8,Oceanía,1900-2015
129,1913,21.7,41.2,5.93989831,10.3,4.694128461,-0.7,12.7,26.1,Oceanía,1900-2015
130,1914,22.7,41.2,5.907959922,9,4.90066483,-0.3,13.3,26.7,Oceanía,1900-2015
131,1915,22.3,41.8,6.019692623,10.2,4.573756518,0.3,13.1,25.9,Oceanía,1900-2015
132,1916,21.8,40.1,5.623671139,9.7,4.680876542,-1.1,12.8,25.2,Oceanía,1900-2015
133,1917,21.3,38.9,5.440056578,7.1,4.574439381,-0.3,12.6,25.1,Oceanía,1900-2015
134,1918,22.2,41.7,5.476107019,8.3,4.620912212,-0.5,12.8,25.9,Oceanía,1900-2015
135,1919,22.6,41.4,5.634912452,8.5,4.826463275,-1.1,13.1,27,Oceanía,1900-2015
136,1920,21.9,41.6,5.726139729,9.5,4.662727932,1.1,12.8,26,Oceanía,1900-2015
137,1921,22.3,42.4,5.531755018,8.5,4.645819545,0.5,13.5,26.2,Oceanía,1900-2015
138,1922,22,41.3,5.85163351,8.1,4.782829421,0.1,12.6,26.3,Oceanía,1900-2015
139,1923,22.3,41.9,5.854750539,10,4.601681221,1.2,12.6,25.3,Oceanía,1900-2015
140,1924,21.8,41,5.641563739,8.6,4.624746342,0.5,12.5,26.1,Oceanía,1900-2015
141,1925,21.9,40.9,5.429167579,8.4,4.779609738,-1.5,12.55,25.6,Oceanía,1900-2015
142,1926,22.3,42.1,5.889123988,9.5,4.592325003,0,12.8,25.7,Oceanía,1900-2015
143,1927,22.1,40.9,5.611577359,8.8,4.821077966,-1.1,12.7,26.3,Oceanía,1900-2015
144,1928,22.4,40,5.53253957,9.4,4.677353051,-0.1,13.1,25.5,Oceanía,1900-2015
145,1929,21.7,41.2,5.933490508,8.4,5.029087699,-1.5,12.3,26.6,Oceanía,1900-2015
146,1930,22,42.2,5.459868208,10,4.490734351,1,13.25,26.9,Oceanía,1900-2015
147,1931,21.8,40.2,5.757670838,9.3,4.79895138,0.3,12.8,24.8,Oceanía,1900-2015
148,1932,21.8,42.7,5.695184191,7.7,4.873817016,0.3,12.8,25,Oceanía,1900-2015
149,1933,21.7,44.6,5.719268652,9.1,4.888012372,0.1,12.8,29.3,Oceanía,1900-2015
150,1934,21.8,43.4,5.556680649,6.9,4.823448791,0.1,12.8,28.3,Oceanía,1900-2015
151,1935,21.8,41.3,5.548825549,8.3,4.703134262,0.3,12.2,25.4,Oceanía,1900-2015
152,1936,22.6,40.9,5.576191352,9.7,4.793261541,0.4,12.9,24.4,Oceanía,1900-2015
153,1937,22.05,42.3,5.533706135,7.5,4.827480345,-0.3,12.9,27,Oceanía,1900-2015
154,1938,22.4,39.7,5.56235325,10.1,4.892578558,-1.3,12.8,26.1,Oceanía,1900-2015
155,1939,22.1,45.6,5.576319297,9.5,4.868625779,-1.1,12.7,24.6,Oceanía,1900-2015
156,1940,22.55,43.8,5.837112743,9.9,4.933424801,-0.5,12.3,28,Oceanía,1900-2015
157,1941,21.95,40.9,5.521909901,9.7,4.586356781,0.7,12.6,24.75,Oceanía,1900-2015
158,1942,22.3,42.35,5.615420096,10,4.663073895,-1.1,13,24.4,Oceanía,1900-2015
159,1943,21.4,41.9,5.648376066,9,4.955463504,-0.1,12.2,23.9,Oceanía,1900-2015
160,1944,22.3,40.2,5.998828627,8.8,4.86480667,-1.1,12.2,26.1,Oceanía,1900-2015
161,1945,22.1,42.26666667,5.697378382,8.3,4.605573714,-0.8,12.55,24.4,Oceanía,1900-2015
162,1946,22.325,40.9,5.787544044,10.2,4.85979597,0.1,11.825,24.8,Oceanía,1900-2015
163,1947,22.325,39.3,5.260740437,10.1,4.746331727,0.1,12.7,24,Oceanía,1900-2015
164,1948,21.9,42.15,5.565967365,7.5,4.857332582,-1.1,12.15,27.25,Oceanía,1900-2015
165,1949,21.7,40.75,5.671126052,8.7,4.916491598,0,12.275,24.8,Oceanía,1900-2015
166,1950,22,41.95,5.424455109,6.7,4.648944116,0.7,12.825,27.55,Oceanía,1900-2015
167,1951,22.05,40.55,5.543606727,7.7,4.71402319,1.1,12,25.55,Oceanía,1900-2015
168,1952,21.85,43.1,5.70783011,7.9,4.841011561,0.3,12.65,25.15,Oceanía,1900-2015
169,1953,22.45,42.5,5.565504494,9,4.715929057,0.9,12.2,23.6,Oceanía,1900-2015
170,1954,22.1,40.1,5.46299442,8,4.870291307,0.7,12.5,26.45,Oceanía,1900-2015
171,1955,21.95,41.15,5.705063555,9.7,5.107075226,0.4,12.5,28.35,Oceanía,1900-2015
172,1956,22.05,43.9,5.801526269,7.8,5.164421188,-0.4,11.85,25.2,Oceanía,1900-2015
173,1957,22.2,42.25,5.680228452,9.1,4.725186129,-0.7,11.9,25,Oceanía,1900-2015
174,1958,22.475,39.03333333,5.731318933,10,4.897391238,0.2,12.8,23.8,Oceanía,1900-2015
175,1959,22.1,42.8,5.266891348,10.1,4.731524464,-1.4,12.41666667,23.55,Oceanía,1900-2015
176,1960,21.8,42.7,5.715095515,8.7,4.811391695,-0.4,11.8,26.1,Oceanía,1900-2015
177,1961,22.6,43.06666667,5.54567514,10.6,4.656691384,0.8,12.65,26.5,Oceanía,1900-2015
178,1962,22.325,40,5.473303987,9.2,4.625429706,-0.1,12.25833333,26.2,Oceanía,1900-2015
179,1963,22.2,39,5.429699267,9.2,4.632820362,-1.5,13.06666667,24,Oceanía,1900-2015
180,1964,21.925,40.9,5.469431483,9.45,4.664032719,1.9,12.225,24.65,Oceanía,1900-2015
181,1965,22.2,41.6,5.748067782,8.9,4.635757907,0.2,12.8,23.5,Oceanía,1900-2015
182,1966,21.8,39.5,5.622442693,8.4,4.760824602,0.5,12.35,24.35,Oceanía,1900-2015
183,1967,22.25,41,5.576520408,9.1,4.636316714,1.2,13.175,25.7,Oceanía,1900-2015
184,1968,22.1,43.7,6.093142557,8.8,5.077931466,0.925,12.48333333,27.6,Oceanía,1900-2015
185,1969,22.55833333,42.83333333,5.829370061,8.3,4.771420433,-0.8,12.775,25.1,Oceanía,1900-2015
186,1970,22.36666667,39.4,5.663013568,6.65,4.956280032,0.4,12.1,26.425,Oceanía,1900-2015
187,1971,21.95,39.525,5.549621758,9.65,4.978876564,-0.65,12.01666667,24,Oceanía,1900-2015
188,1972,22.8,40.8,5.592715731,8.6,4.853165675,-0.05,12.55,25.1,Oceanía,1900-2015
189,1973,22.78333333,40.15,5.766100033,6.95,4.924078357,-0.7,13.08333333,25.15,Oceanía,1900-2015
190,1974,22.25833333,40.53333333,5.581150798,9.8,4.89358741,0,12.4,23.96666667,Oceanía,1900-2015
191,1975,22.7625,42.075,5.566577677,6.75,4.645614721,0.8,12.6,24.13333333,Oceanía,1900-2015
192,1976,22.71666667,41,5.62773225,8.55,4.906465848,-0.7,12.3875,24.3,Oceanía,1900-2015
193,1977,22.97083333,41.6,6.104644724,8.15,5.011516153,0.85,12.5625,24.13333333,Oceanía,1900-2015
194,1978,22.425,41.075,6.137129448,9.1,5.054075256,1.5,12.6375,25.6,Oceanía,1900-2015
195,1979,22.8125,41.725,5.933499271,10.5,5.074320593,0.35,12.45,25.925,Oceanía,1900-2015
196,1980,22.9,41.95,5.954167854,9.45,4.795316117,1.55,12.95,25.525,Oceanía,1900-2015
197,1981,22.65,41.75,5.872120814,9.2,4.925556488,1.45,12.75833333,25.55,Oceanía,1900-2015
198,1982,22.7,43.65,5.868530588,8,5.192678946,-1.65,12.4,25.5,Oceanía,1900-2015
199,1983,22.34166667,43.25,5.889871321,8.25,4.813032856,0.3,13.1,26.3,Oceanía,1900-2015
200,1984,22.17083333,42.825,5.546012637,6.35,4.723566166,-1.2,12.2875,24.6,Oceanía,1900-2015
201,1985,22.34166667,42.5,5.836087692,10.6,4.88064354,-0.2,12.8,24.7,Oceanía,1900-2015
202,1986,22.15,40.45,5.788630422,7.3,4.796500972,-0.4,12.2375,24.375,Oceanía,1900-2015
203,1987,22.75,39.65,5.743693726,9.55,4.770418323,1.25,12.71666667,24.9,Oceanía,1900-2015
204,1988,22.8,40.825,5.713332917,10.2,4.494863504,2.45,13.55,23.8,Oceanía,1900-2015
205,1989,22.35,42.125,5.776277762,9.9,4.974726947,0.05,12.95,26.225,Oceanía,1900-2015
206,1990,22.3,41.25,5.847480121,8.85,5.05496237,0.8,12.61666667,24.95,Oceanía,1900-2015
207,1991,23.05,45.075,5.893772517,9.65,4.790549689,1.6,12.775,24.95,Oceanía,1900-2015
208,1992,22.1,39.2,5.543694098,9.7,4.904582483,1.65,12.425,25.1,Oceanía,1900-2015
209,1993,22.6,40.2,5.580206962,9.1,4.593638161,1.25,12.7,25,Oceanía,1900-2015
210,1994,23.1,42.05,5.757306523,9.6,4.966752688,0.35,12.1125,25.45,Oceanía,1900-2015
211,1995,22.3,40.2,5.756722439,8.2,4.855832792,0.8,12.65,24.86666667,Oceanía,1900-2015
212,1996,22.46666667,42.025,5.640697826,9,4.684706348,0.95,12.34166667,25.6,Oceanía,1900-2015
213,1997,22.9875,43.225,5.859165597,10.15,5.091575506,-0.45,12.8,28.05,Oceanía,1900-2015
214,1998,23,42.525,6.068669362,8.6,5.017811861,0.85,13.23333333,26.45,Oceanía,1900-2015
215,1999,22.83333333,39,5.345633816,10.1,4.736206899,2.1,13.17333333,24.375,Oceanía,1900-2015
216,2000,23.25833333,40.28,5.62200496,9.8,4.973118864,1.9,12.75,24.3,Oceanía,1900-2015
217,2001,23.1125,40.46666667,5.553380672,10.2,4.973392862,1.766666667,12.28333333,24.5,Oceanía,1900-2015
218,2002,23.225,40.25,5.540509881,10.5,4.841380778,1.05,12.8,25.46666667,Oceanía,1900-2015
219,2003,23,44.35,5.683674977,10.3,4.832247189,0.95,12.925,25.4,Oceanía,1900-2015
220,2004,23.15833333,41.05,5.790851716,9.7,5.065982566,1.55,12.645,27.23333333,Oceanía,1900-2015
221,2005,23,43.35,5.523261507,9.5,4.797162673,0.55,12.85,25.13333333,Oceanía,1900-2015
222,2006,23.4425,43.92,5.731669139,9.9,5.06138373,-0.6,12.52,25.75,Oceanía,1900-2015
223,2007,23.35,43.03333333,5.733677375,9.25,4.880174704,1.525,13.2375,24.83333333,Oceanía,1900-2015
224,2008,22.6875,41,5.509497404,9,4.898181653,1.475,12.6875,26.85,Oceanía,1900-2015
225,2009,23.35,46.6,5.84442219,10.55,4.938860227,2.05,12.95833333,28.1,Oceanía,1900-2015
226,2010,23.05,43.05,5.713993398,10.05,5.260882865,0.725,13.06,26.55,Oceanía,1900-2015
227,2011,22.445,40.94,5.499938392,10.75,4.911642228,1.45,13.15,26.52,Oceanía,1900-2015
228,2012,22.85,41.65,5.562617012,10.1,4.937009196,1.175,12.9,26.925,Oceanía,1900-2015
229,2013,23.4,42.6,5.513205524,9.05,4.739348305,1.15,13.6875,26.15,Oceanía,1900-2015
230,2014,23.44166667,43.9,5.485198778,10.25,4.828686204,0.7,13.54166667,28.35,Oceanía,1900-2015
231,2015,23.41666667,43.25,5.970273262,9.3,5.173937416,-1,13.2375,25.75,Oceanía,1900-2015
232,1900,19.26666667,44.45,11.95293079,-31.7,10.90611752,-40,6.1,27.8,Norte América,1900-2015
233,1901,17.93333333,44.4,12.3363181,-28.9,10.90188688,-50,4.78,28.3,Norte América,1900-2015
234,1902,18.2,43.9,11.51832659,-27.05,10.45333182,-40,5.3,28.9,Norte América,1900-2015
235,1903,18.05,43.3,11.47748848,-27.8,10.61265328,-39.45,5,29.15,Norte América,1900-2015
236,1904,18.3,41.95,12.04402549,-31.7,11.02404903,-41.1,4.7,32.2,Norte América,1900-2015
237,1905,18.44,45.55,12.04255839,-29.4,11.22492706,-41.86666667,5,27.075,Norte América,1900-2015
238,1906,18.66666667,42.25,11.62048314,-28.3,10.53507031,-41.1,5.366666667,26.7,Norte América,1900-2015
239,1907,17.5,46.95,11.36610881,-31.7,10.31922725,-43.3,4.266666667,28.9,Norte América,1900-2015
240,1908,18.9,44.75,11.27849388,-22.2,10.20094612,-39,5,28.9,Norte América,1900-2015
241,1909,18.3,43.9,12.01131838,-33.9,10.7147519,-45.6,4.966666667,27.8,Norte América,1900-2015
242,1910,19.6,44.15,11.8374146,-26.1,10.4771315,-40,5.12,27.2,Norte América,1900-2015
243,1911,18.35,44.45,11.9540045,-36.7,10.73367779,-46.7,5.22,28.5,Norte América,1900-2015
244,1912,17.8,42.03333333,12.22843411,-33.3,11.39750889,-45.33333333,4.45,41.1,Norte América,1900-2015
245,1913,18.35,43.66,11.7607769,-27.8,10.68442798,-38.9,5.3,30.65,Norte América,1900-2015
246,1914,18.9,43.3,12.25408357,-28.9,11.16174617,-43.3,5.566666667,27.8,Norte América,1900-2015
247,1915,18.3,42.6,11.0264742,-26.1,9.874033054,-41.7,5.083333333,27.2,Norte América,1900-2015
248,1916,18.13333333,42.03333333,12.48135734,-36.7,11.47459636,-45,4.433333333,28.05,Norte América,1900-2015
249,1917,17.05,43.35,12.39132429,-34.4,11.29143098,-45.6,3.35,27.8,Norte América,1900-2015
250,1918,18.88,43.9,12.0318704,-29.4,10.94351779,-41.7,5.2,30.3,Norte América,1900-2015
251,1919,18.05,41.83333333,12.00851666,-27.8,10.88835926,-39.4,5.166666667,27.2,Norte América,1900-2015
252,1920,17.98,42.25,11.80925688,-32.2,10.55422957,-43.3,5,26.1,Norte América,1900-2015
253,1921,19.875,41.675,11.27324183,-28.9,10.06348012,-38.3,5.933333333,27.2,Norte América,1900-2015
254,1922,19.4,43.175,11.96104856,-27.8,10.8669881,-45.6,5.9,27.03333333,Norte América,1900-2015
255,1923,18.3,43.16666667,11.18989347,-30.6,10.4469518,-39.4,4.75,26.15,Norte América,1900-2015
256,1924,18.3,41.65,12.06422381,-36.7,10.86207634,-42.8,4.4,27.2,Norte América,1900-2015
257,1925,18.12,58.66666667,11.83110761,-27.8,10.5632025,-37.06666667,4.6,27.8,Norte América,1900-2015
258,1926,18.05,43.05,11.77010467,-26.1,10.50017629,-37.2,4.633333333,27.76666667,Norte América,1900-2015
259,1927,18.6,40.36666667,11.48324228,-55.6,10.25379828,-41.4,5.55,26.1,Norte América,1900-2015
260,1928,18.33333333,42.35,11.03784591,-32.2,9.994248346,-40,4.75,28.3,Norte América,1900-2015
261,1929,18.05,41.95,12.27090729,-35.6,11.24157663,-45,4.75,26.95,Norte América,1900-2015
262,1930,18.86666667,45,12.11469897,-31.1,10.75831381,-41.1,5.4,29.4,Norte América,1900-2015
263,1931,19.43333333,43.46,11.18004989,-18.5,9.735859155,-32.2,5.85,28.33333333,Norte América,1900-2015
264,1932,18.875,41.11666667,12.00442864,-30.6,10.66150227,-41.1,5.183333333,27.8,Norte América,1900-2015
265,1933,18.925,44.15,11.87522051,-30.125,10.69541617,-41.1,5.4,33.3,Norte América,1900-2015
266,1934,20,46.95,12.17580028,-28.9,10.68245875,-37.2,5.766666667,30.6,Norte América,1900-2015
267,1935,17.8,42.76666667,11.89596619,-33.9,10.64097077,-46.1,4.975,27.8,Norte América,1900-2015
268,1936,19.15,48.6,13.68165224,-34.4,12.14338626,-47.8,5.3,31.13333333,Norte América,1900-2015
269,1937,18.2,43.66666667,12.5686681,-31.7,11.22019167,-39.83333333,5,27.1,Norte América,1900-2015
270,1938,19.88,43.3,11.57821051,-35.25,10.33902298,-45.8,6.15,31.8,Norte América,1900-2015
271,1939,19.68,45.3,11.65504217,-31.95,10.44451873,-44.15,5.166666667,41.66666667,Norte América,1900-2015
272,1940,18.6,46.95,12.41908235,-26.1,10.79520862,-35.25,5.2,27.8,Norte América,1900-2015
273,1941,18.9,42.23333333,11.62690531,-27.8,10.23208612,-36.95,5.766666667,27.8,Norte América,1900-2015
274,1942,19.15,41.8,11.74841598,-26.525,10.58648606,-38.3,5,27.2,Norte América,1900-2015
275,1943,18.6,43,12.02384192,-36.95,11.1209305,-45.55,4.433333333,43.325,Norte América,1900-2015
276,1944,18.6,41.9,11.68177078,-23.3,10.46120525,-36.25,5,26.4,Norte América,1900-2015
277,1945,18.5,41.33333333,11.76017724,-26.1,10.46153315,-36.1,5,28.05,Norte América,1900-2015
278,1946,19.61339286,44.7,10.75881343,-23.9,9.914115505,-40.73333333,5.766666667,27.25,Norte América,1900-2015
279,1947,18.3,43.9,12.02385554,-33.3,10.66452015,-42.8,5.275,29.4,Norte América,1900-2015
280,1948,19.06666667,40.85,12.01738267,-25.6,11.029095,-39.23333333,5.439444444,26.5,Norte América,1900-2015
281,1949,19.7,42.23333333,11.70604423,-29.2,10.8613246,-40.03333333,5.366666667,26.65,Norte América,1900-2015
282,1950,18.875,42.12,11.84820936,-33.9,10.90456152,-44.4,5,26.15,Norte América,1900-2015
283,1951,18.35,43.4,12.08661263,-31.1,10.98257659,-39.725,4.875,27.8,Norte América,1900-2015
284,1952,19,42.78,11.75974064,-30,10.20885816,-37.23333333,4.633333333,28.13333333,Norte América,1900-2015
285,1953,19.34,43.68333333,11.22038509,-28.9,9.710735513,-37.2,5.183333333,27.5,Norte América,1900-2015
286,1954,18.7,48.05,11.49420544,-32.2,10.20955417,-40.55,5,29.15,Norte América,1900-2015
287,1955,19.61666667,42.91111111,12.52636051,-24.45,11.28370017,-38.225,5.3,28.65,Norte América,1900-2015
288,1956,19.175,44.2,11.76624174,-28.05,10.46976735,-37.1,4.816666667,27.5,Norte América,1900-2015
289,1957,18.3,41.1,11.41518076,-28.9,10.42436965,-41.1,5.45,27.03333333,Norte América,1900-2015
290,1958,18.78,42.83333333,11.7508821,-24.45,10.54707352,-34.78,4.928571429,26.65,Norte América,1900-2015
291,1959,18.33333333,42.4,11.91750815,-25.16666667,10.9871422,-39.4,4.725,35.85,Norte América,1900-2015
292,1960,18.75,42.4,12.15775684,-22.2,10.87918187,-34.27142857,4.916666667,26.15,Norte América,1900-2015
293,1961,18.05,44.1,11.50812375,-26.86666667,10.38914867,-37.075,4.633333333,26.33333333,Norte América,1900-2015
294,1962,18.54142857,40.6,12.07509276,-30.4,10.89730354,-40,4.981666667,25.975,Norte América,1900-2015
295,1963,19.96666667,42.4,12.47208222,-30.73333333,11.41365836,-38.23333333,5.566666667,26.15,Norte América,1900-2015
296,1964,18.88,43.5,11.42634286,-30.2,10.56080906,-38.9,4.716666667,28.98333333,Norte América,1900-2015
297,1965,18.45,43.3,11.5163281,-30.6,10.60075767,-39.12,4.928571429,26.15,Norte América,1900-2015
298,1966,18.21833333,44.4,11.88470248,-32.03333333,10.67252306,-40,4.4,28.9,Norte América,1900-2015
299,1967,18.3,41.02857143,11.25927197,-27.2375,10.22206879,-39.43333333,4.6,55.32222222,Norte América,1900-2015
300,1968,18.4625,41.3,11.67676065,-32.6,10.65554862,-40.34,4.88,26.7,Norte América,1900-2015
301,1969,18,42.88333333,11.96473473,-31.675,10.68146249,-40.95,4.575,26.1,Norte América,1900-2015
302,1970,18.1599359,43.15,12.29208578,-31.1,11.17306898,-39.975,4.9,26.4,Norte América,1900-2015
303,1971,19.125,43.71666667,12.00321954,-31.1,10.71513409,-36.86666667,4.833333333,25.6,Norte América,1900-2015
304,1972,18.02,49.025,12.12546268,-32.8,11.00460492,-42.9,4.78,30.7,Norte América,1900-2015
305,1973,18.66,42.225,11.35332112,-25.64285714,10.17686657,-36.68,5.46,29.2,Norte América,1900-2015
306,1974,18.75,42.25,11.28588132,-28.35,10.05155936,-37.68,4.8,28.05,Norte América,1900-2015
307,1975,18.725,42.8,11.67057102,-28.05,10.52613525,-34.88,5,28.3,Norte América,1900-2015
308,1976,18.75,40.98,11.5134691,-28.6,10.62164555,-39.83333333,4.15,26.7,Norte América,1900-2015
309,1977,19.3,41.66,12.2931037,-31.85,11.36477182,-42.45,5.78,27.1,Norte América,1900-2015
310,1978,18.25,43.34,12.76551791,-27.75,11.55416155,-35.93333333,4.633333333,27.25,Norte América,1900-2015
311,1979,18.53333333,41.35714286,12.32690583,-27.45,11.33753008,-39.83333333,4.66,26.4,Norte América,1900-2015
312,1980,18.3,43.5,12.15923379,-29.75,10.80207034,-36.04,4.6,29.7,Norte América,1900-2015
313,1981,18.53333333,42.4,11.07617525,-26.52222222,10.23200742,-36.47777778,5.157142857,27.8,Norte América,1900-2015
314,1982,18.43666667,41.97857143,11.90661136,-29.88,11.13792541,-39.43333333,5.366666667,33.3,Norte América,1900-2015
315,1983,17.23333333,42.43333333,12.2563531,-33.9,10.53353209,-42.15,4.833333333,28.35,Norte América,1900-2015
316,1984,17.5,43.05,11.5163346,-28.3,10.39166463,-38.53333333,4.8,27.8,Norte América,1900-2015
317,1985,18.81428571,42.11666667,12.40966524,-28.55,11.3639236,-37.22,5.55,27.2,Norte América,1900-2015
318,1986,18.9,42.76666667,11.2500506,-26,10.21248922,-35.55,5.766666667,27.5,Norte América,1900-2015
319,1987,19.1,40.3,10.98434769,-20.28333333,9.697828374,-33.7,5.3,27.4,Norte América,1900-2015
320,1988,18.65,42.8,12.18030722,-26.83333333,10.91314109,-38.3,4.455555556,27.8,Norte América,1900-2015
321,1989,18.82857143,41.4,12.19279519,-33.7,11.31233956,-40.73333333,4.633333333,26.83333333,Norte América,1900-2015
322,1990,18.9,43.34285714,10.83670112,-32.55,10.07763389,-38.6,5.55,27.25,Norte América,1900-2015
323,1991,18.86666667,42.625,11.55219489,-26.35,10.58004121,-35.38333333,5.4,27.75,Norte América,1900-2015
324,1992,18.13333333,40.56666667,10.63461765,-32.9,9.281866073,-41,5,27.23333333,Norte América,1900-2015
325,1993,17.03333333,40.7,11.60171927,-25.2,10.59211003,-37.55,4.466666667,28.35,Norte América,1900-2015
326,1994,18.86666667,43.33333333,11.8140493,-30.4,10.80114487,-40.6,5.525,26.5,Norte América,1900-2015
327,1995,18,42.6,11.77711493,-24.63333333,10.54080214,-32.85,4.975,27.76666667,Norte América,1900-2015
328,1996,17.5,42.41666667,12.22062487,-32.5,11.172205,-42.925,4.7,26.7,Norte América,1900-2015
329,1997,17.76666667,42.21818182,11.44217545,-31.55,10.17205783,-40.56666667,4.725,26.68,Norte América,1900-2015
330,1998,18.9,42.8,11.09318741,-30.5,9.722586898,-35.8,6.3,28.05,Norte América,1900-2015
331,1999,19.15,42.6,10.83362776,-22.4,9.84907934,-33.7,5,28.6,Norte América,1900-2015
332,2000,18.99411765,42.03333333,11.70395352,-23.6,10.5874907,-33.9,5.425,27.2,Norte América,1900-2015
333,2001,18.9,41.5,11.2165007,-20.2,10.09284845,-31.86666667,5.775,27.5,Norte América,1900-2015
334,2002,17.76666667,43.3,11.34411673,-22.45,10.29388743,-32.85,4.45,27.25,Norte América,1900-2015
335,2003,18.65,42.43333333,11.67078526,-25.3,10.5341412,-36.925,5.425,26.95,Norte América,1900-2015
336,2004,18.67272727,39.8,11.16696801,-30.825,10.32303167,-39.975,5.785714286,26.1,Norte América,1900-2015
337,2005,18.78,42.8,11.70874571,-27.5,10.55544507,-38.73333333,5.476388889,26.95,Norte América,1900-2015
338,2006,18.5,45,10.70734361,-23.6,9.585532324,-32.76666667,5.563636364,28.1,Norte América,1900-2015
339,2007,19.7,42.6,12.15025362,-24.1,10.80293586,-34.63333333,6.1,28.35,Norte América,1900-2015
340,2008,18.18397436,43.3,11.787033,-29.6,10.77997081,-39.81111111,4.78,26.68,Norte América,1900-2015
341,2009,17.9125,42.03333333,11.44110288,-28.62222222,10.60264741,-39.41111111,5.166666667,27.07142857,Norte América,1900-2015
342,2010,18.65,42.8,12.11009718,-25.575,10.7504498,-36.1,5.34,27.8,Norte América,1900-2015
343,2011,17.8,44.43333333,11.77380053,-24.05,10.72672968,-36.02,5.15,28.6,Norte América,1900-2015
344,2012,19.8,44.15,11.05426084,-27.8,9.723792219,-34.8,6.053571429,28.05,Norte América,1900-2015
345,2013,18.05,42.25,11.91048591,-29.15,10.96991499,-34.25,4.833333333,27.03333333,Norte América,1900-2015
346,2014,18.33333333,41.65,12.12850494,-28.25,11.3763058,-37.35,5.02,27.25,Norte América,1900-2015
347,2015,19.6,41.4,11.48482311,-25.15,10.79371051,-32.675,6.35,27.25,Norte América,1900-2015
0,1950,13.65,40,9.384091173,-20.7,7.553373989,-29.5,5.5,27.8,Europa,1950-2015
1,1951,13,40,8.488249795,-13.7,6.72562107,-25.65,5.1,27.6,Europa,1950-2015
2,1952,12.6,42.6,9.344863135,-15.9,7.275259527,-22.65,4.9,25,Europa,1950-2015
3,1953,14.15,38,8.91973292,-19.3,7.079678229,-27.8,5.7,25.4,Europa,1950-2015
4,1954,12.76666667,38,9.054824644,-17.4,7.605069194,-26.25,5,25.4,Europa,1950-2015
5,1955,12.5,39.2,9.426599578,-15.3,8.019415995,-28.2,4.9,24.5,Europa,1950-2015
6,1956,12.3,39.6,9.489432275,-24.3,8.252971886,-32.55,4.7,26.7,Europa,1950-2015
7,1957,12.8,40,8.540614117,-13.7,6.901259432,-24.4,5.2,25,Europa,1950-2015
8,1958,12.8,39.5,9.196517797,-14.85,7.708997247,-26.55,5.4,23.7,Europa,1950-2015
9,1959,14.1,39.5,8.94015616,-17.85,7.039142027,-27.1,5.2,24.9,Europa,1950-2015
10,1960,13,36.7,8.863612472,-13.7,7.213600888,-25.55,5.6,24,Europa,1950-2015
11,1961,14.4,41.2,8.754586971,-14.35,7.15131174,-23.35,6.4,29,Europa,1950-2015
12,1962,12.2,39.4,9.227785298,-17.4,7.644183256,-26.6,4.6,25.2,Europa,1950-2015
13,1963,13.1,36.4,10.04890616,-17.8,8.810511484,-29.05,5.6,26,Europa,1950-2015
14,1964,12.8,39.2,9.479675317,-16.55,7.45039175,-23.8,5.2,26,Europa,1950-2015
15,1965,12.6,39,8.959412618,-18.95,7.383471838,-27.55,5,25,Europa,1950-2015
16,1966,13.3,39.6,9.489090471,-20.75,7.776643925,-34.1,5.7,26,Europa,1950-2015
17,1967,13.4,39.8,8.929221225,-20.35,7.17286887,-27.5,5.8,26,Europa,1950-2015
18,1968,13.4,39.2,9.441269876,-18,7.673959186,-27.9,5.6,27,Europa,1950-2015
19,1969,13,39.2,9.918457335,-20,8.189115806,-27.7,5.4,25,Europa,1950-2015
20,1970,12.4,38.6,9.765161845,-18.6,7.981035516,-31.9,5.3,25,Europa,1950-2015
21,1971,13.05,38.8,8.999293074,-17.1,7.387848243,-25.3,5.2,24,Europa,1950-2015
22,1972,12.5,36.2,8.428069164,-15.9,6.824107489,-20.7,4.9,24,Europa,1950-2015
23,1973,12.3,38.6,9.113316319,-17.45,7.196674928,-24.9,4.5,24.4,Europa,1950-2015
24,1974,12.62222222,39,7.878824261,-13.2,6.037856779,-19.5,5.15,26,Europa,1950-2015
25,1975,12.4,39,8.65168629,-8.9,6.841948817,-20.775,5.275,25,Europa,1950-2015
26,1976,12.8,38.6,9.434790156,-18.5,7.541232373,-25.4,5,26,Europa,1950-2015
27,1977,13.13611111,35.4,8.338205521,-12.2,6.69710167,-24.2,5.6,23,Europa,1950-2015
28,1978,12.5,39.5,8.930488186,-21.5,7.351176736,-35.15,5.4,26.8,Europa,1950-2015
29,1979,12.4,40.6,9.357346934,-20.3,7.75618801,-33.6,5.1,28.2,Europa,1950-2015
30,1980,12.5,38.2,9.141449088,-17.8,7.730260502,-29.85,4.892857143,25.2,Europa,1950-2015
31,1981,13.45,39.6,9.352657875,-17.65,7.851762438,-26.15,5.8,24.4,Europa,1950-2015
32,1982,13.3,42.8,9.176991649,-20.85,7.464912984,-30,5.6,26.8,Europa,1950-2015
33,1983,13.46666667,39.4,9.073164256,-13.2,7.349862299,-21.45,6.1,6.1,Europa,1950-2015
34,1984,12.8,38.6,8.508139308,-14.7,6.869459894,-24.05,5.575,26,Europa,1950-2015
35,1985,13,38,10.12365359,-22.05,8.580994529,-32.3,5.3,25,Europa,1950-2015
36,1986,12.8,38,9.419029303,-19.35,7.880042926,-28.1,5.4,25,Europa,1950-2015
37,1987,12.7,40.4,9.587099422,-26.2,8.348943252,-29.85,5.6,26.5,Europa,1950-2015
38,1988,13.6,39.8,8.645460545,-15.9,6.96419962,-21.75,6.133333333,26.9,Europa,1950-2015
39,1989,14.1,39,8.369278401,-20.7,6.646159425,-26.9,6.2,25.7,Europa,1950-2015
40,1990,14.3,39.4,8.295544466,-9,6.465542571,-17,6.3,25.8,Europa,1950-2015
41,1991,13,40.4,8.9252458,-17,7.275346403,-23.9,5.1,25.3,Europa,1950-2015
42,1992,13.2,38.6,8.855508157,-12.4,6.849932959,-18.4,5.5,25,Europa,1950-2015
43,1993,13.3,40.6,8.71509502,-13.2,6.991403123,-21.25,5.6,25,Europa,1950-2015
44,1994,13.6,41.4,9.02601041,-16.25,7.195250019,-25.15,6.1,25.2,Europa,1950-2015
45,1995,13.5,40.6,9.353860822,-17.15,7.561626794,-24.5,6,25.4,Europa,1950-2015
46,1996,12.8,37.8,9.554711601,-15.2,7.962413897,-23.95,5.4,24.4,Europa,1950-2015
47,1997,13.6,37.4,9.167389946,-14.3,7.518814116,-22.5,5.6,24.3,Europa,1950-2015
48,1998,13.4,38.6,8.825688397,-13.4,7.217922552,-22.9,6.2,28,Europa,1950-2015
49,1999,14.1,39,9.039697845,-19.8,7.282571668,-29.7,6.4,25.8,Europa,1950-2015
50,2000,14.2,39.7,8.362175695,-12.7,6.56736929,-28.2,6.9,25.4,Europa,1950-2015
51,2001,13.8,40.6,9.247710036,-16.03333333,7.585570118,-25.5,6.4,25.7,Europa,1950-2015
52,2002,13.9,38.8,8.913026797,-15.25,7.261364048,-23.5,6.3,24.2,Europa,1950-2015
53,2003,14.125,40.6,9.770274177,-17.6,8.028777689,-28.2,5.783333333,25.8,Europa,1950-2015
54,2004,13.8,39.2,8.899782862,-15.25,7.278209097,-22.55,6.1,29.9,Europa,1950-2015
55,2005,14.3,39.6,9.20309284,-13.6,7.570199988,-25.3,6.025,26.1,Europa,1950-2015
56,2006,14.8,39.3,9.619311209,-13.6,7.91471141,-24.7,7,25.8,Europa,1950-2015
57,2007,14.4,39,8.462645919,-14.05,6.72793979,-24.7,6.1,30.1,Europa,1950-2015
58,2008,13.8,39,8.534135592,-9.4,6.714128279,-22,5.9,25,Europa,1950-2015
59,2009,14.5,38.8,9.479881785,-16.4,7.595137162,-24.2,6.2,27.1,Europa,1950-2015
60,2010,13.1,40.4,10.34126056,-21.3,8.644759427,-26.6,5.3,28.2,Europa,1950-2015
61,2011,15.1,39.9,8.860794361,-14.4,7.16609553,-26.05,6.6,24.7,Europa,1950-2015
62,2012,13.7,41,9.434865843,-17.9,7.672819278,-29.4,5.8,27.1,Europa,1950-2015
63,2013,13.6,38.6,9.393052083,-14.2,7.619056611,-22.9,6.1,26.7,Europa,1950-2015
64,2014,15.2,38.4,8.44460284,-10.85,6.606629857,-18.8,7,24.8,Europa,1950-2015
65,2015,14.4,40.2,8.608116587,-9.7,6.741468827,-17.95,6.2,26.7,Europa,1950-2015
66,1950,24.3,43.9,6.665631142,6.55,6.184670686,-2.65,13,28.6,Oceanía,1950-2015
67,1951,24.8,44.8,7.258602076,7.233333333,6.381969393,-4,12.6,29.5,Oceanía,1950-2015
68,1952,24.05,44.2,7.147654485,6.933333333,6.586169158,-4.1,12.3,30.6,Oceanía,1950-2015
69,1953,24.7,46.1,7.001715669,7.8,6.540918525,-3,12.25833333,29.2,Oceanía,1950-2015
70,1954,24.55,44.8,6.845607641,8,6.424413581,-3.25,12.8,29.9,Oceanía,1950-2015
71,1955,24.24166667,44,7.095109916,7.033333333,6.470514823,-2.3,12.8,30.7,Oceanía,1950-2015
72,1956,23.85,43.9,7.143777156,7.7,6.598085394,-3.2,12.25,28.5,Oceanía,1950-2015
73,1957,25.1,44,6.91102963,7.9,6.476262261,-4.466666667,12.3,29.8,Oceanía,1950-2015
74,1958,24.9,43.35,7.029891453,8.1,6.550570428,-3.6,12.9,29.3,Oceanía,1950-2015
75,1959,24.95,46.6,6.527988125,7.3,6.562142648,-3.5,12.9,30.3,Oceanía,1950-2015
76,1960,24.25,45.5,7.197624147,6.3,6.684777298,-2.7,12.2,32.8,Oceanía,1950-2015
77,1961,25.3,46,6.800650172,6.2,6.434601184,-3.8,13.1,32.6,Oceanía,1950-2015
78,1962,25.1,44.9,6.700870698,5.1,6.372519268,-3.266666667,12.73333333,29.1,Oceanía,1950-2015
79,1963,25.05,44.5,6.796564936,6.1,6.199933458,-3.2,13.2,30,Oceanía,1950-2015
80,1964,24.5,45.1,6.822621074,8.5,6.404022775,-2.5,12.45,30.1,Oceanía,1950-2015
81,1965,25.3,44.6,7.03165469,7.3,6.392921935,-4.3,13.1,30.4,Oceanía,1950-2015
82,1966,24.5,42.6,6.989824414,3.7,6.471233643,-3.2,12.8,30.5,Oceanía,1950-2015
83,1967,25.1,44,6.598127772,9.1,6.391869556,-3.3,13,30.9,Oceanía,1950-2015
84,1968,24.62916667,46.6,7.305666141,5,6.67755008,-2.4,13.1,30.2,Oceanía,1950-2015
85,1969,25,45.7,6.941361127,8.3,6.626523496,-3.4,12.83333333,30.6,Oceanía,1950-2015
86,1970,24.9,44.2,7.042119143,6.65,6.758097283,-3.5,12.4,31.56,Oceanía,1950-2015
87,1971,24.96666667,43.3,6.849027839,6.633333333,6.724397869,-3.9,12.75,31.1,Oceanía,1950-2015
88,1972,25.43333333,45,6.699643532,6.8,6.512176989,-4.7,12.8,30.3,Oceanía,1950-2015
89,1973,25.5,47.2,6.885554212,6.95,6.540608112,-1.6,13.76666667,31.6,Oceanía,1950-2015
90,1974,24.41666667,41.85,6.498978045,7.366666667,6.420053562,-4.533333333,13.155,29,Oceanía,1950-2015
91,1975,25.03333333,44.8,6.629094498,6.75,6.391601682,-4.8,13.1,29.8,Oceanía,1950-2015
92,1976,24.8,47.3,6.538724839,7.95,6.675578906,-7.5,12.46666667,29.48,Oceanía,1950-2015
93,1977,25.5,44,6.901786825,7.05,6.729439409,-6.2,12.75,29.7,Oceanía,1950-2015
94,1978,24.75,44.6,7.055796926,6.45,6.511520596,-2.7,12.82083333,30,Oceanía,1950-2015
95,1979,25.3,47.8,7.082711094,9.2,6.673913118,-3.9,13.13666667,30.3,Oceanía,1950-2015
96,1980,25.9,46.4,7.036104273,7.2,6.476426433,-2.55,13.2,30,Oceanía,1950-2015
97,1981,25.4,45.5,6.99240514,7.5,6.467707912,-3,13.1,29.5,Oceanía,1950-2015
98,1982,25.4,47.7,6.937522219,8,6.948161747,-5.25,12.7875,33.85,Oceanía,1950-2015
99,1983,24.8,46.5,7.041278706,6.45,6.628472669,-5.5,13.35,30.3,Oceanía,1950-2015
100,1984,24.6,44,6.68145645,4.2,6.487323567,-4.9,12.55,29.1,Oceanía,1950-2015
101,1985,24.9,43.9,6.880021602,8.3,6.677641348,-3.4,13,30.8,Oceanía,1950-2015
102,1986,24.75,45.8,7.097712809,6.75,6.558503836,-3.5,12.7,30.6,Oceanía,1950-2015
103,1987,25.3,45.5,6.925610556,8.05,6.716290318,-3.1,13,31.2,Oceanía,1950-2015
104,1988,25.5,44.5,6.775751537,7.5,6.295821215,-1.9,13.7,31.7,Oceanía,1950-2015
105,1989,24.8,43.7,7.095296331,5.85,6.647152262,-5.2,13.5,29.6,Oceanía,1950-2015
106,1990,25.2,47.9,7.21537691,7.6,6.572649504,-2.2,13.4,29.7,Oceanía,1950-2015
107,1991,26,45.6,6.847941594,7.65,6.354412517,-1.25,13,30.8,Oceanía,1950-2015
108,1992,24.5,43.4,6.971574508,7.85,6.61064061,-2.25,13.4,29.3,Oceanía,1950-2015
109,1993,25,45.15,6.746012915,7.2,6.407419115,-2.2,13.4,30.1,Oceanía,1950-2015
110,1994,25.5,45.5,6.869560895,7.25,6.531546732,-3.05,12.5,30.4,Oceanía,1950-2015
111,1995,25,42.8,6.98559891,6.8,6.473530984,-2.9,13.13333333,29.3,Oceanía,1950-2015
112,1996,25.3,45.35,6.944807769,7.45,6.362828693,-1.4,12.9,30.1,Oceanía,1950-2015
113,1997,25.45,45.8,6.998954504,8.35,6.62106316,-4.05,13.4,29.1,Oceanía,1950-2015
114,1998,25.5,44.8,7.244627112,6,6.615617419,-3.65,13.52916667,29.5,Oceanía,1950-2015
115,1999,25.3,45,6.582795569,8.85,6.331195899,-3.8,13.36666667,30.7,Oceanía,1950-2015
116,2000,25.4,44.2,6.646919653,6.9,6.450641023,-1.55,13.5,29.15,Oceanía,1950-2015
117,2001,25.53333333,47.8,6.748523679,9.1,6.547722818,-3.1,12.7,30.9,Oceanía,1950-2015
118,2002,25.94166667,44.3,6.870379262,9.06,6.545401373,-4.1,12.9,29.5,Oceanía,1950-2015
119,2003,25.7,44.6,7.068415494,7.46,6.532698057,-2.5,13.3,29.8,Oceanía,1950-2015
120,2004,25.8,47.3,7.109538103,6.8,6.625428999,-3.3,12.875,30,Oceanía,1950-2015
121,2005,25.6,45.1,7.025885777,7.76,6.532438937,-2.2,13.42916667,30.7,Oceanía,1950-2015
122,2006,25.83666667,47.4,6.924497811,8,6.857823447,-5.1,13,33.3,Oceanía,1950-2015
123,2007,26.2,45.1,6.947711398,8.6,6.571784093,-3.4,13.66666667,30.4,Oceanía,1950-2015
124,2008,25.3,43.9,6.918941694,8.1,6.539395251,-3.4,13.13333333,29.6,Oceanía,1950-2015
125,2009,26.3,47.5,7.167448621,7.5,6.446771225,-2.6,13.5,32.9,Oceanía,1950-2015
126,2010,25.3,45.6,6.968341015,6.3,6.75051678,-3.2,13.9,30.5,Oceanía,1950-2015
127,2011,25,47.2,6.456344493,8.3,6.419792097,-4.7,13.2,29.8,Oceanía,1950-2015
128,2012,25.4,46.2,6.896456944,8.6,6.673263991,-5.2,13.1,30,Oceanía,1950-2015
129,2013,26.16333333,46.3,6.981062095,7.98,6.351044042,-3.25,13.9,30.5,Oceanía,1950-2015
130,2014,25.9,46,6.866850299,7.5,6.506582032,-3.3,13.7,29.75,Oceanía,1950-2015
131,2015,26.03333333,46.8,7.25128134,8,6.713493882,-5,13.7,31.9,Oceanía,1950-2015
132,1950,19.6,52.8,11.91946689,-44.4,11.00378895,-47.8,5.3,33.33333333,Norte América,1950-2015
133,1951,19.1,46.95,12.19184319,-51.1,11.13085747,-47.5,5,32.2,Norte América,1950-2015
134,1952,19.66,46.65,11.87601168,-41.95,10.49876523,-48.35,5,36.4962957,Norte América,1950-2015
135,1953,19.75,46.1,11.24947548,-44.4,9.908036758,-46.65,5.366666667,31.95,Norte América,1950-2015
136,1954,19.43333333,48.05,11.62715879,-42.68765091,10.44061341,-47.8,5.3,36.62184022,Norte América,1950-2015
137,1955,19.78,46.95,12.42490074,-46.7,11.30159996,-50.6,5.358125,31.65,Norte América,1950-2015
138,1956,19.7,45.6,11.93378741,-42.8,10.68969611,-51.7,5.125,37.19408833,Norte América,1950-2015
139,1957,18.75,48.05,11.49865514,-43.3,10.56099891,-47.5,5.825,32.5,Norte América,1950-2015
140,1958,19.15,47.5,11.7245031,-43.9,10.54019245,-46.95,5.366666667,31.65,Norte América,1950-2015
141,1959,18.9,47.2,11.84688137,-38.9,10.97590431,-45.55,5,35.85,Norte América,1950-2015
142,1960,19.27,47.03333333,12.19218346,-42.75,10.9021472,-49.45,5.071428571,30.6,Norte América,1950-2015
143,1961,18.875,48.9,11.59487948,-40.85,10.49092756,-46.1,5,36.47278269,Norte América,1950-2015
144,1962,19.175,46.1,11.99727839,-40.25,10.87113844,-48.6,5.3,31.1,Norte América,1950-2015
145,1963,20.16666667,45.6,12.29859832,-40.25,11.29844618,-47.5,5.75,29.45,Norte América,1950-2015
146,1964,19.1,47.8,11.60814288,-44.75,10.77555339,-48.05,4.85,37.17666018,Norte América,1950-2015
147,1965,19.02,45.6,11.51800658,-43.05,10.65176578,-47.25,5.166666667,29.4,Norte América,1950-2015
148,1966,19.06666667,46.1,11.92693809,-44.15,10.80338186,-47.8,4.88,30.55,Norte América,1950-2015
149,1967,19.175,46.95,11.40342791,-41.65,10.39200196,-46.15,5.02,36.19600587,Norte América,1950-2015
150,1968,18.86666667,48.4,11.65030566,-44.7,10.68612697,-51.2,5,30,Norte América,1950-2015
151,1969,18.61666667,48.9,11.95454131,-42.5,10.78145147,-46.1,5,37.3443544,Norte América,1950-2015
152,1970,18.8,50,12.16104803,-42.2,11.0672495,-45.85,5,38.20174849,Norte América,1950-2015
153,1971,19.43333333,47.8,12.01827415,-41.7,10.83377242,-47.8,5,37.50131726,Norte América,1950-2015
154,1972,18.9,49.025,12.18429287,-42.25,11.10677741,-47.2,5.166666667,38.48699888,Norte América,1950-2015
155,1973,19.06666667,49.4,11.49204541,-40.8,10.36699222,-45.8,5.56125,36.66222665,Norte América,1950-2015
156,1974,19.4,47.2,11.46135911,-43.35,10.33178725,-48.1,5.15,36.14536176,Norte América,1950-2015
157,1975,19.15,50.34,11.72686012,-47.5,10.69990635,-51.4,5,37.09971904,Norte América,1950-2015
158,1976,19.35,46.7,11.41179983,-40.55,10.61952733,-46.15,4.45,36.30858199,Norte América,1950-2015
159,1977,19.875,46.1,12.12336708,-42.7,11.2303887,-47.15,5.85,39.5411661,Norte América,1950-2015
160,1978,18.9,46.7,12.65710353,-38.7,11.40429606,-43.6,5,39.21288818,Norte América,1950-2015
161,1979,19.12,47.75,12.24888204,-43.25,11.25810192,-49.4,5,30.6,Norte América,1950-2015
162,1980,18.9,46.7,12.12797832,-41.3,10.7861845,-45.55,5,37.3585535,Norte América,1950-2015
163,1981,19.1,48.9,11.08271858,-39.95,10.18181121,-43.65,5.54,36.08543362,Norte América,1950-2015
164,1982,18.9,49.4,11.93547692,-40.1,11.1498061,-47.3,5.55,33.3,Norte América,1950-2015
165,1983,18.05,47.8,12.09520095,-46.1,10.5377422,-46.7,5,30.85,Norte América,1950-2015
166,1984,18.33333333,51.06666667,11.63973034,-43.2,10.55107431,-45.55,5.075,44.4,Norte América,1950-2015
167,1985,19.23333333,54.86666667,12.44271749,-42.5,11.39540986,-45.55,5.6,44.4,Norte América,1950-2015
168,1986,19.4,55.68571429,11.28641631,-40,10.27907812,-43.2,5.933333333,30.6,Norte América,1950-2015
169,1987,19.7,57.375,11.13299952,-39.4,9.904790711,-44.3,5.55,32.5,Norte América,1950-2015
170,1988,19.4,55.16666667,12.06191878,-39.7,10.85171443,-46.9,5,37.55514329,Norte América,1950-2015
171,1989,19.45,54.0125,12.22741991,-45.6,11.34964709,-50.55,5.12,39.16894127,Norte América,1950-2015
172,1990,19.66,59.45,11.27206649,-42,10.47304449,-49.9,5.85,33.3,Norte América,1950-2015
173,1991,19.4,58.875,11.55065289,-42.4,10.64149613,-45.2,5.66,36.6125,Norte América,1950-2015
174,1992,18.9,58.98888889,10.88838624,-38.3,9.694282487,-45.05,5.4,33.9,Norte América,1950-2015
175,1993,17.8,59.71111111,11.64868066,-44,10.66296849,-47.23333333,4.966666667,39.86666667,Norte América,1950-2015
176,1994,19.45,58.7,11.78212781,-41.7,10.75164648,-45.85,5.76,31.65,Norte América,1950-2015
177,1995,18.78,50.55,11.72617229,-40.4,10.52843215,-47.1,5.314285714,33.9,Norte América,1950-2015
178,1996,18.5,47.75,12.29502204,-43.5,11.23113275,-48.1,5.02,34.15,Norte América,1950-2015
179,1997,18.6,47.2,11.52929075,-42.25,10.36283492,-48.6,5.25,33.05,Norte América,1950-2015
180,1998,19.3,48.65,11.31862822,-40.6,9.99479723,-43.9,6.25,33.9,Norte América,1950-2015
181,1999,19.725,45.25,10.94750382,-37.96666667,9.964774585,-44.96666667,5.25,31.1,Norte América,1950-2015
182,2000,19.425,47.2,11.79766326,-38,10.70916337,-42.9,5.566666667,37.69415678,Norte América,1950-2015
183,2001,19.56,47.06666667,11.36210779,-37.5,10.22724754,-43.2,5.9,32.2,Norte América,1950-2015
184,2002,18.6,44.8,11.46281418,-38.3,10.47633486,-43.1,5,30.73333333,Norte América,1950-2015
185,2003,19.35,47.03333333,11.72313418,-39.3,10.62071447,-44.8,5.733333333,37.59547673,Norte América,1950-2015
186,2004,19.15,45.6,11.23742206,-41.2,10.38337171,-46.05,5.942857143,37.09297228,Norte América,1950-2015
187,2005,19.35,58.24814815,11.64044343,-41.7,10.4954448,-47.05,5.733333333,38.6,Norte América,1950-2015
188,2006,19.4,48.35,11.03876836,-36.6,9.912075331,-43.05,5.7625,35.49872599,Norte América,1950-2015
189,2007,20.16666667,46.83333333,12.05636532,-38.71428571,10.95899864,-45.12857143,6.1,38.97699592,Norte América,1950-2015
190,2008,18.9,47.43333333,11.83466481,-40.15,10.82231107,-47.97142857,5,37.46693321,Norte América,1950-2015
191,2009,18.7,47.03333333,11.62587778,-39.65,10.77588032,-44.05,5.4,37.72764096,Norte América,1950-2015
192,2010,18.9,46.33333333,11.97039325,-35.65,10.64354721,-42.9,5.466666667,31.3,Norte América,1950-2015
193,2011,18.6,46.65,11.98038629,-40.75,10.8335164,-44.95,5.46,37.96054919,Norte América,1950-2015
194,2012,20.4,46.95,11.27674436,-39.6,10.01057826,-42.78333333,6.197368421,32.2,Norte América,1950-2015
195,2013,18.875,49.06666667,11.92736182,-40.1,11.01400427,-43.3,5.35,38.39201282,Norte América,1950-2015
196,2014,19.2,47.03333333,11.99305282,-38.65,11.16477074,-44.5,5.575,31.4,Norte América,1950-2015
197,2015,20.11833333,47.2,11.47548792,-36.8,10.71519972,-41.65,6.666666667,31.7,Norte América,1950-2015
0,1970,5.975,33.2,10.80277777,-27.7,10.21353738,-37.6,0.370833333,18.1,Europa,1970-2015
1,1971,6.6,35.7,9.679337623,-29.4,9.097162677,-44.4,0.430952381,18.2,Europa,1970-2015
2,1972,7,33.5,10.06212366,-25.7,9.159251524,-36,1.1,20.8,Europa,1970-2015
3,1973,6.5,35.5,10.22588379,-32.3,9.357181927,-37.4,0.358333333,22.2,Europa,1970-2015
4,1974,7.6,33.1,7.983371933,-18.1,6.986271733,-36.5,1.15,17.8,Europa,1970-2015
5,1975,8.25,32.8,8.894879982,-30.7,8.010477025,-37.4,1.6,20.2,Europa,1970-2015
6,1976,5.5,29.9,10.24275991,-32.1,9.667742034,-39.4,-0.066666667,18,Europa,1970-2015
7,1977,7.5,32,9.569816481,-28.6,9.185570568,-42.1,1.1,21.6,Europa,1970-2015
8,1978,7.025,31.9,10.75089949,-35,10.60941568,-42.7,0.236666667,19.2,Europa,1970-2015
9,1979,6.8,33.4,10.30004535,-29.6,10.00016012,-40.4,1,17.4,Europa,1970-2015
10,1980,7.6,34.4,10.7736178,-34.2,10.54950552,-40.2,0.226666667,21.6,Europa,1970-2015
11,1981,6.833333333,36.2,9.840203099,-35.1,9.775306029,-41,0.4,20,Europa,1970-2015
12,1982,7.9,36.3,9.54055659,-26,9.014181361,-39.2,1.5,20.7,Europa,1970-2015
13,1983,8.066666667,32.7,9.660964066,-34.9,9.336264975,-37.3,2,21.9,Europa,1970-2015
14,1984,8.8,34,9.362796563,-25.6,8.804485155,-34.6,1.575,19.3,Europa,1970-2015
15,1985,6.8,35.4,11.94026186,-41.2,11.8476905,-43.5,0.3,18.7,Europa,1970-2015
16,1986,7.5,32.2,10.57049744,-29.4,10.05432924,-36.9,2.2,18.8,Europa,1970-2015
17,1987,7.85,36.1,10.85119653,-36.9,11.05902989,-42.5,1.175,26,Europa,1970-2015
18,1988,7.2,37.4,10.47037345,-28,9.764669151,-39.4,0.65,24.2,Europa,1970-2015
19,1989,8.5,31.6,8.826042918,-23.7,7.848476594,-34.5,2.6,19,Europa,1970-2015
20,1990,9.066666667,33.2,8.430308755,-34.5,7.542931134,-39.2,2,19.6,Europa,1970-2015
21,1991,8.233333333,33.2,8.807816157,-24.6,8.317504587,-36.8,1.8,20.7,Europa,1970-2015
22,1992,5.8,35.2,9.075306988,-16,7.724295422,-31,1.3,18,Europa,1970-2015
23,1993,6.9,35.4,8.909684355,-24,7.700955535,-34.6,0.5,21.4,Europa,1970-2015
24,1994,7.9,35.5,10.27175997,-26.5,9.424601734,-37.1,1.2,21,Europa,1970-2015
25,1995,8,32.5,9.597014761,-30.7,8.787371442,-37.6,0.95,17.35,Europa,1970-2015
26,1996,8.066666667,33.3,9.813890551,-21.4,9.559646165,-34.8,1.7,19.05,Europa,1970-2015
27,1997,6.75,34.4,9.91981427,-29.7,8.918569695,-38.7,0.55,20.15,Europa,1970-2015
28,1998,8.05,37,9.255801118,-34.5,9.190197812,-42.1,1.5,22.8,Europa,1970-2015
29,1999,8.5,36.4,10.41931221,-44.1,9.471994492,-49.5,1.8,19.9,Europa,1970-2015
30,2000,10.46666667,38.2,8.463525035,-25.3,7.748543517,-34.8,3.7,24.2,Europa,1970-2015
31,2001,9.3,35.4,10.26279292,-29.8,9.806003948,-37.7,1.9,20.45,Europa,1970-2015
32,2002,7.55,34,10.67363985,-29.9,9.570418006,-35.7,0.7,20.7,Europa,1970-2015
33,2003,7.6,36.2,10.35606245,-34,9.947125749,-39.3,1.8,24.5,Europa,1970-2015
34,2004,9,35.6,9.060521066,-27.1,8.769704542,-34.8,1.861904762,19.95,Europa,1970-2015
35,2005,9.7,34.9,9.442333046,-18.9,8.907711091,-34.8,2.55,20.8,Europa,1970-2015
36,2006,9.138095238,35.9,10.52024799,-30.5,9.714055664,-38.8,3.3,20.1,Europa,1970-2015
37,2007,9.51,38.8,9.334506644,-26.7,8.760990114,-37.1,2.533333333,26,Europa,1970-2015
38,2008,9.52,36.6,8.028128533,-17.5,6.717770007,-31.9,2.8,20.4,Europa,1970-2015
39,2009,7.55,36.1,9.641211842,-28.2,8.521862459,-33,1.94,19.25,Europa,1970-2015
40,2010,8.066666667,36.8,11.9555215,-26.1,11.3428894,-38.6,1.48,22.5,Europa,1970-2015
41,2011,9.6,37.9,10.13287483,-26.9,9.864494582,-39.9,3.38,21.3,Europa,1970-2015
42,2012,8.314285714,38.3,9.971247394,-30,9.327510137,-39.8,2.785714286,20.2,Europa,1970-2015
43,2013,8.433333333,37.7,9.659155148,-30.1,9.366686908,-35.1,2.933333333,19.8,Europa,1970-2015
44,2014,9.116666667,33.7,9.771925574,-29.1,8.292720876,-35.7,2.528571429,21.75,Europa,1970-2015
45,2015,9.6,38,7.838502142,-31,6.838663053,-38,3.133333333,20.4,Europa,1970-2015
506,1970,30.6,42.2,2.947267808,23.9,4.374283286,8.1,23.3,29.4,Oceanía,1970-2015
507,1971,30,42.2,2.494156913,24,4.491532245,5.2,22.8,29.3,Oceanía,1970-2015
508,1972,30.6,41.2,2.815780301,25.6,4.279585811,7.3,23.3,30.3,Oceanía,1970-2015
509,1973,31.1,41,2.673460216,23.2,3.325663804,11.1,23.9,29.7,Oceanía,1970-2015
510,1974,30,39.7,2.378482081,21.8,3.833920133,8.1,23.3,29,Oceanía,1970-2015
511,1975,30.4,39.7,2.659557523,17.5,3.901340449,8.6,23.8,29.8,Oceanía,1970-2015
512,1976,30,41.6,2.313570029,24.9,4.947331559,5.5,22.8,29.1,Oceanía,1970-2015
513,1977,30.6,42.8,2.590338239,25,4.882295425,5.4,23.9,29.6,Oceanía,1970-2015
514,1978,30,41.9,2.883152669,20.4,3.941423107,7.8,23.35,30,Oceanía,1970-2015
515,1979,30.6,42.2,2.710174336,20,4.223663548,5.6,23.9,30.3,Oceanía,1970-2015
516,1980,31.1,41.4,2.592628455,25.4,3.874492936,8.5,23.9,30,Oceanía,1970-2015
517,1981,30.6,42,2.911261897,24.7,3.947814745,8.3,23.9,29.5,Oceanía,1970-2015
518,1982,30.6,42.6,2.741977867,24.7,4.55714855,5.8,23.9,29.5,Oceanía,1970-2015
519,1983,30.2,41.1,2.65119541,23.8,4.760733389,5.5,24.4,29.9,Oceanía,1970-2015
520,1984,30.6,41.7,2.726287386,24.2,4.457451217,5.6,23.9,29.1,Oceanía,1970-2015
521,1985,30.5,42.3,2.621671611,23.6,4.434537673,6.6,24.1,30.2,Oceanía,1970-2015
522,1986,30.6,41.2,2.841105045,22.8,3.880144378,7.4,23.9,30.1,Oceanía,1970-2015
523,1987,30.6,42.4,2.780199009,23.7,4.306928465,8.2,24.4,30,Oceanía,1970-2015
524,1988,31,43.6,2.82619082,26.1,4.152144039,6.2,24.4,30.2,Oceanía,1970-2015
525,1989,30.6,42.2,2.763130048,24.3,4.040507819,5,23.9,29.6,Oceanía,1970-2015
526,1990,30.6,42,2.977174824,24.7,4.01811883,9.9,24.4,29.7,Oceanía,1970-2015
527,1991,30.6,38.2,2.151981642,22.2,4.368762659,8.5,24.6,29.8,Oceanía,1970-2015
528,1992,30.6,40,2.50537044,24.7,3.811568306,8.7,25,29.3,Oceanía,1970-2015
529,1993,30.6,41.4,2.789272213,19.6,4.088408961,7.6,24.4,29.7,Oceanía,1970-2015
530,1994,31.2,40.5,2.591040055,25.1,5.548081597,5.4,24.4,29.1,Oceanía,1970-2015
531,1995,31.1,42.3,2.556377797,20.2,4.469058377,6.9,25,29.3,Oceanía,1970-2015
532,1996,31.5,43.4,2.184099795,25.8,4.393307479,6.2,24.65,29.2,Oceanía,1970-2015
533,1997,31.1,40.7,2.480790657,19.8,4.432780333,7.2,25,29.1,Oceanía,1970-2015
534,1998,32.2,40.7,2.382450844,19.4,4.293372448,9,26.1,30,Oceanía,1970-2015
535,1999,31.1,39.9,2.076803402,25.9,4.639798353,6.3,24,29.5,Oceanía,1970-2015
536,2000,31.1,42.4,2.105512729,24,4.615370743,6.4,24.5,28.9,Oceanía,1970-2015
537,2001,31.1,37.7,2.035192749,20.4,4.478167488,7.3,25,28.9,Oceanía,1970-2015
538,2002,31.7,42.2,2.569710579,27,5.14812403,7.4,25.6,29.5,Oceanía,1970-2015
539,2003,31.1,42.9,2.59542805,22.6,4.296810141,7,25,29.8,Oceanía,1970-2015
540,2004,30.6,41.7,2.545640119,18.8,4.524213,7.8,24.95,29.7,Oceanía,1970-2015
541,2005,31.1,41,2.654206362,20.4,4.12987195,9.1,25.6,30.7,Oceanía,1970-2015
542,2006,31,42.9,2.519373944,19.1,4.971902119,6.9,25,29.6,Oceanía,1970-2015
543,2007,31.1,42.9,2.455557109,23.4,4.925806303,6.6,25.6,29.7,Oceanía,1970-2015
544,2008,31.7,41.7,2.338356585,22.5,4.744316693,6.4,25.45,29.4,Oceanía,1970-2015
545,2009,31.1,42.1,2.819434315,24.8,4.116625041,7.4,25,30,Oceanía,1970-2015
546,2010,31.1,40.7,2.74968818,18.7,3.716940234,10.9,25,30.5,Oceanía,1970-2015
547,2011,30.6,41,2.21300388,24.2,4.622491433,5.9,23.9,29.8,Oceanía,1970-2015
548,2012,30.6,43,2.87167652,23.9,4.952716044,7.4,24.4,30,Oceanía,1970-2015
549,2013,31.1,42.8,2.787697589,20.3,3.981597756,8.8,25,30.5,Oceanía,1970-2015
550,2014,31.1,41,2.781181034,21.6,4.642305741,7.5,24.9,29.7,Oceanía,1970-2015
551,2015,31.2,41.8,2.767935888,24.9,4.442363713,7.7,25.1,30.2,Oceanía,1970-2015
1334,1970,12.23333333,37.5,9.396773263,-37.8,7.188345409,-44.15,3.9,21.1,Norte América,1970-2015
1335,1971,11.4,40.55,10.00604069,-38.9,7.936618489,-47.25,3.9,19.975,Norte América,1970-2015
1336,1972,11.24,37.625,10.01266219,-37.8,8.157101506,-46.4,3.45,18.6,Norte América,1970-2015
1337,1973,12.56666667,38.175,9.418131425,-33.9,7.189383833,-40.55,3.9,19.4,Norte América,1970-2015
1338,1974,12.5,38.5,9.052628839,-36.65,6.874906542,-47.5,4.4,20,Norte América,1970-2015
1339,1975,11.7,40.36666667,9.594173231,-43.35,7.830385498,-48.6,3.7,22.23333333,Norte América,1970-2015
1340,1976,12.34,35.56666667,8.034124909,-31.1,6.635373057,-44.15,3.9,19.8,Norte América,1970-2015
1341,1977,12.6,37.26666667,9.361490573,-42.7,7.112872788,-46.7,4.28,21.3,Norte América,1970-2015
1342,1978,12.8,37.76666667,9.258325444,-38.7,7.537989566,-43.6,4.466666667,18.5,Norte América,1970-2015
1343,1979,13.25,39.7,9.960999563,-34.6,8.159175347,-45.75,4.5,20.23333333,Norte América,1970-2015
1344,1980,13.3,36.26666667,8.995206374,-36.35,7.378047985,-44.5,5.4,20,Norte América,1970-2015
1345,1981,12.9,38.2,8.163526791,-38.6,6.268190584,-43.2,5,23,Norte América,1970-2015
1346,1982,12,35.86666667,9.50344528,-37.5,7.843586154,-44.25,3.6,19,Norte América,1970-2015
1347,1983,13,36.6,8.814399667,-35.85,7.279212434,-44.75,4.836666667,21,Norte América,1970-2015
1348,1984,11.75,37.7,8.847866936,-33,6.999823061,-43.7,4,19.25,Norte América,1970-2015
1349,1985,11.5,38.7,10.23538791,-30.4,7.968398337,-42.25,3.5,18.5,Norte América,1970-2015
1350,1986,12.5,35.3,8.582016065,-23.6,6.719086105,-33.75,4.8,21.5,Norte América,1970-2015
1351,1987,13.7,37.16666667,8.695722868,-21.25,6.340504883,-38.75,5.233333333,18.84,Norte América,1970-2015
1352,1988,12.66,36.48,8.82237084,-28.45,6.7415402,-37,5.1,19.5,Norte América,1970-2015
1353,1989,13.25,35.7,9.32706975,-31.8,7.663731561,-42.45,4.773333333,19.4,Norte América,1970-2015
1354,1990,13,37.05,9.826933634,-34.2,8.108300771,-43.35,4.7,20.23333333,Norte América,1970-2015
1355,1991,13,35.5,8.906818663,-41.05,7.102621936,-45.2,4.7,19,Norte América,1970-2015
1356,1992,13.9,36.93333333,8.950453321,-31.85,6.817765574,-45.05,5.15,20,Norte América,1970-2015
1357,1993,13.125,35.8,9.113084266,-31.5,7.788365522,-41,5.1,20.7,Norte América,1970-2015
1358,1994,14,39.03333333,9.372826583,-32.05,7.002220594,-40.75,5.375,21.06666667,Norte América,1970-2015
1359,1995,13.35,35.75,8.958494848,-33.45,7.123592432,-42.8,5.3,20.75,Norte América,1970-2015
1360,1996,12.43333333,36.9,10.10818642,-43.5,8.415768613,-47.75,4.5,22.3,Norte América,1970-2015
1361,1997,12.825,36.85,8.585793932,-42.25,6.962573851,-46.5,5.06,17.95,Norte América,1970-2015
1362,1998,13.26190476,39.2,9.47929626,-34.23333333,7.064570747,-41.73333333,5.625,20.35,Norte América,1970-2015
1363,1999,12.25,35.7,8.214540655,-33.95,6.271106449,-42.55,4.2,20.325,Norte América,1970-2015
1364,2000,12.73333333,36.65,8.605648502,-29.3,6.68661008,-41.2,4.425,17.2625,Norte América,1970-2015
1365,2001,12.36190476,37.7,8.581868777,-29.6,6.553628956,-37.3,4.6225,18.25,Norte América,1970-2015
1366,2002,12.75,38.55,8.854486673,-25.8,6.867510722,-37.55,4.545,20.675,Norte América,1970-2015
1367,2003,13,39.4,9.34457349,-29.7,6.999692294,-40.4,5,22.95,Norte América,1970-2015
1368,2004,14.25,37.6,9.220684738,-38.75,7.044514755,-46.05,5.5,22.25,Norte América,1970-2015
1369,2005,13.5,36.05,8.954372298,-41.7,7.179277549,-47.05,5.7,19.9,Norte América,1970-2015
1370,2006,13.2,39.1,9.329639145,-32.35,7.163194668,-40.5,4.75,20.7,Norte América,1970-2015
1371,2007,12.36,38.2,9.17862303,-26.7,7.17482793,-38.05,4.8,21.15,Norte América,1970-2015
1372,2008,11.75,38.9,9.387151236,-36.1,7.754113278,-45.05,4.133333333,22.55,Norte América,1970-2015
1373,2009,12.45,39.25,10.01467243,-34.4,7.852070772,-41.35,4.05,23.4,Norte América,1970-2015
1374,2010,13.25,36.9,8.4810983,-25.4,6.524560845,-36.1,5.4,19.5,Norte América,1970-2015
1375,2011,11.66666667,35.15,8.834713017,-32.73333333,7.20989771,-40.86666667,4.233333333,18.66666667,Norte América,1970-2015
1376,2012,12.55,36.83333333,9.183457813,-32.43333333,7.003622598,-39.7,4.8,19.2,Norte América,1970-2015
1377,2013,12.93333333,38.15,9.42114795,-27.93333333,7.337534732,-38.43333333,5,20.46666667,Norte América,1970-2015
1378,2014,13.8,38.2,9.430398698,-25.3,7.648684507,-35.96666667,5.833333333,19.9,Norte América,1970-2015
1379,2015,14.55,39.26666667,9.086550542,-28.1,6.824155158,-36.33333333,6,21.9,Norte América,1970-2015
2714,1970,29.4,35,1.663790056,24.4,1.696272623,16.1,23.9,27.8,América Central,1970-2015
2715,1971,30.6,34.4,1.772785556,26.1,1.277757178,20,23.9,27.2,América Central,1970-2015
2716,1972,30.6,35.6,1.715339616,25.6,1.388454743,20,23.9,27.2,América Central,1970-2015
2717,1973,30.6,34.4,1.779375164,25.6,1.444705825,20,24.4,27.8,América Central,1970-2015
2718,1974,30,35.6,1.784281985,26.7,1.487088897,20,23.9,27.8,América Central,1970-2015
2719,1975,30,35.6,1.618366705,26.1,1.540858696,18.9,23.9,27.2,América Central,1970-2015
2720,1976,30,34.4,1.702167216,25,1.74158501,18.9,23.9,26.7,América Central,1970-2015
2721,1977,30,34.4,1.490709954,23.3,1.313155451,18.9,23.9,26.7,América Central,1970-2015
2722,1978,30.6,35,1.481975503,25.6,1.37521353,20,23.9,27.2,América Central,1970-2015
2723,1979,30.6,35,1.893564332,23.3,1.415659396,19.4,23.9,27.8,América Central,1970-2015
2724,1980,31.7,36.1,1.967937341,26.1,1.590638644,18.3,24.4,27.8,América Central,1970-2015
2725,1981,31.1,36.7,1.993458065,24.4,1.353013152,20,24.4,27.8,América Central,1970-2015
2726,1982,30.6,35.6,1.876337678,26.7,1.543668484,19.4,23.9,28.3,América Central,1970-2015
2727,1983,31.7,36.1,1.83346043,24.4,1.607060948,19.4,24.4,28.3,América Central,1970-2015
2728,1984,31.1,35,1.849651412,25.6,1.353002417,17.8,23.3,27.2,América Central,1970-2015
2729,1985,30,34.4,1.933675207,24.4,1.749919978,18.9,22.8,27.2,América Central,1970-2015
2730,1986,30.6,33.3,1.549526497,25,1.724003267,17.2,22.8,26.7,América Central,1970-2015
2731,1987,31.1,36.1,1.88133095,23.3,1.714323749,19.4,23.9,26.7,América Central,1970-2015
2732,1988,30.6,36.1,1.979316811,25.6,1.697614805,18.9,23.3,26.7,América Central,1970-2015
2733,1989,30,35,1.772857774,25,1.54233631,19.4,22.8,26.7,América Central,1970-2015
2734,1990,30.6,35,1.919573352,25.6,1.621106505,18.9,23.3,27.2,América Central,1970-2015
2735,1991,30.6,34.4,1.769471703,26.1,1.711355887,18.3,23.3,27.8,América Central,1970-2015
2736,1992,30.6,35,1.611699427,25,1.436080393,20,23.9,26.7,América Central,1970-2015
2737,1993,31.1,34.4,1.639277423,24.4,1.646408149,19.4,23.9,28.3,América Central,1970-2015
2738,1994,31.1,35,1.410543831,27.2,1.553484136,20,23.9,27.2,América Central,1970-2015
2739,1995,31.1,35.6,1.770661263,25,1.771511388,18.9,23.9,28.3,América Central,1970-2015
2740,1996,30,33.9,1.519514994,25,1.364519665,19.4,23.3,26.7,América Central,1970-2015
2741,1997,30.6,34.4,1.929191676,23.9,1.63893578,19.4,23.9,27.8,América Central,1970-2015
2742,1998,30.6,34.4,1.61869409,25,1.396315553,20,23.9,27.2,América Central,1970-2015
2743,1999,30,34.4,1.875853562,25,1.62998339,17.8,23.9,26.1,América Central,1970-2015
2744,2000,30,33.3,1.69890109,22.8,1.686885097,17.8,23.3,26.7,América Central,1970-2015
2745,2001,30.6,34.4,1.738056164,25,1.532631759,19.4,23.9,26.7,América Central,1970-2015
2746,2002,30.6,34.4,1.557617769,25.6,1.326682708,20.6,23.9,26.7,América Central,1970-2015
2747,2003,30.6,34.4,1.485702699,25.6,1.379598942,20.6,23.9,27.2,América Central,1970-2015
2748,2004,29.4,34.4,1.842523793,24.4,1.661266759,19.4,23.9,26.7,América Central,1970-2015
2749,2005,30.6,35,2.241410655,24.4,1.851441741,17.8,23.9,27.2,América Central,1970-2015
2750,2006,30.6,34.4,1.943651415,23.9,1.624352347,18.9,23.9,27.2,América Central,1970-2015
2751,2007,31.1,34.4,1.87304509,25,1.48896225,20.6,23.9,26.7,América Central,1970-2015
2752,2008,30,35,1.913013905,24.4,1.698283679,20,23.9,27.8,América Central,1970-2015
2753,2009,30.6,35,1.834817025,25.6,1.692556292,20.6,24.4,27.8,América Central,1970-2015
2754,2010,30.6,34.4,1.925214299,23.3,1.6171677,20,24.4,27.2,América Central,1970-2015
2755,2011,30,34.4,1.60556255,26.1,1.474645315,20.6,23.9,27.2,América Central,1970-2015
2756,2012,31.1,35,1.910642165,26.7,1.625842673,20.6,24.4,27.2,América Central,1970-2015
2757,2013,30.6,35.6,1.690898322,26.1,1.432169855,20.6,24.4,27.8,América Central,1970-2015
2758,2014,31.1,35,1.621914874,25,1.440829383,20.6,24.4,27.8,América Central,1970-2015
2759,2015,31.1,35,1.718980781,27.2,1.400237448,21.7,24.4,28.3,América Central,1970-2015
